{
"lengthUnit": "mil",
"remark": [],
"components": {
	"fields": ["COMPONENT_NO", "COMPONENT_NAME", "LAYER", "X_COORDINATE", "Y_COORDINATE", "ANGLE"],
	"rows": [
		[1, "+5-TX-RX-G", "T", 235, 275, 270],
		[2, "ADXL345", "T", 1545, 115, 180],
		[3, "BAT", "T", 655, 1435, 180],
		[4, "BOOT", "T", 900, 975, 180],
		[5, "D1", "T", 430, 925, 0],
		[6, "IRLZ44N", "T", 1120, 1430, 180],
		[7, "IRSENSOR", "T", 1600, 1445, 0],
		[8, "LED", "T", 320, 1450, 180],
		[9, "ONOFF", "T", 150, 1215, 270],
		[10, "Q1", "T", 925, 1175, 0],
		[11, "R1", "T", 1440, 360, 90],
		[12, "R3", "T", 295, 1315, 0],
		[13, "R4", "T", 720, 970, 90],
		[14, "R5", "T", 1150, 950, 90],
		[15, "R6", "T", 315, 535, 0],
		[16, "R7", "T", 315, 740, 0],
		[17, "R8", "T", 3435, 280, 90],
		[18, "R9", "T", 3240, 280, 90],
		[19, "SDD1306", "B", 135, 790, 270],
		[20, "SW1", "B", 1630, 785, 180],
		[21, "SW2", "B", 2375, 785, 0],
		[22, "SW3", "B", 2010, 1195, 180],
		[23, "SW4", "B", 2010, 390, 180],
		[24, "SW5", "B", 3339.7871, 761.302, 180],
		[25, "U1", "T", 840, 425, 180],
		[26, "U2", "T", 580, 1180, 180],
		[27, "U3", "T", 1430, 1135, 90],
		[28, "PAD1", "T", 1980, 790, 0],
		[29, "PAD1", "B", 1980, 790, 0],
		[30, "PAD2", "T", 3610, 1410, 0],
		[31, "PAD2", "B", 3610, 1410, 0],
		[32, "PAD3", "T", 3615, 120, 0],
		[33, "PAD3", "B", 3615, 120, 0],
		[34, "PAD4", "T", 120, 1425, 0],
		[35, "PAD4", "B", 120, 1425, 0],
		[36, "PAD5", "T", 100, 110, 0],
		[37, "PAD5", "B", 100, 110, 0],
		[38, "PAD6", "T", 1695, 115, 0],
		[39, "PAD6", "B", 1695, 115, 0],
		[40, "PAD7", "T", 1595, 115, 0],
		[41, "PAD7", "B", 1595, 115, 0],
		[42, "PAD8", "T", 1495, 115, 0],
		[43, "PAD8", "B", 1495, 115, 0],
		[44, "PAD9", "T", 1395, 115, 0],
		[45, "PAD9", "B", 1395, 115, 0],
		[46, "PAD10", "T", 370, 1450, 0],
		[47, "PAD10", "B", 370, 1450, 0],
		[48, "PAD11", "T", 270, 1450, 0],
		[49, "PAD11", "B", 270, 1450, 0],
		[50, "PAD12", "T", 135, 940, 0],
		[51, "PAD12", "B", 135, 940, 0],
		[52, "PAD13", "T", 135, 840, 0],
		[53, "PAD13", "B", 135, 840, 0],
		[54, "PAD14", "T", 135, 740, 0],
		[55, "PAD14", "B", 135, 740, 0],
		[56, "PAD15", "T", 135, 640, 0],
		[57, "PAD15", "B", 135, 640, 0],
		[58, "PAD16", "T", 950, 975, 0],
		[59, "PAD16", "B", 950, 975, 0],
		[60, "PAD17", "T", 850, 975, 0],
		[61, "PAD17", "B", 850, 975, 0],
		[62, "PAD18", "T", 150, 1265, 0],
		[63, "PAD18", "B", 150, 1265, 0],
		[64, "PAD19", "T", 150, 1165, 0],
		[65, "PAD19", "B", 150, 1165, 0],
		[66, "PAD20", "T", 1440, 389.66, 0],
		[67, "PAD21", "T", 1440, 330.34, 0],
		[68, "PAD22", "T", 324.66, 1315, 0],
		[69, "PAD23", "T", 265.34, 1315, 0],
		[70, "PAD24", "T", 1194.331, 70.468, 0],
		[71, "PAD25", "T", 1194.331, 120.468, 0],
		[72, "PAD26", "T", 1194.331, 170.468, 0],
		[73, "PAD27", "T", 1194.331, 420.468, 0],
		[74, "PAD28", "T", 1194.331, 470.468, 0],
		[75, "PAD29", "T", 1194.331, 520.468, 0],
		[76, "PAD30", "T", 1194.331, 570.468, 0],
		[77, "PAD31", "T", 1194.331, 620.468, 0],
		[78, "PAD32", "T", 1065.001, 779.528, 0],
		[79, "PAD33", "T", 1015.001, 779.528, 0],
		[80, "PAD34", "T", 615.001, 779.528, 0],
		[81, "PAD35", "T", 485.671, 720.468, 0],
		[82, "PAD36", "T", 485.671, 670.468, 0],
		[83, "PAD37", "T", 485.671, 570.468, 0],
		[84, "PAD38", "T", 485.671, 520.468, 0],
		[85, "PAD39", "T", 485.671, 470.468, 0],
		[86, "PAD40", "T", 485.671, 420.468, 0],
		[87, "PAD41", "T", 485.671, 320.468, 0],
		[88, "PAD42", "T", 485.671, 270.468, 0],
		[89, "PAD43", "T", 485.671, 220.468, 0],
		[90, "PAD44", "T", 485.671, 170.468, 0],
		[91, "PAD45", "T", 485.671, 120.468, 0],
		[92, "PAD46", "T", 485.671, 70.468, 0],
		[93, "PAD47", "T", 866.771, 359.458, 0],
		[94, "PAD48", "T", 696.93, 1180, 0],
		[95, "PAD49", "T", 463.07, 1089.45, 0],
		[96, "PAD50", "T", 463.07, 1180, 0],
		[97, "PAD51", "T", 463.07, 1270.55, 0],
		[98, "PAD52", "T", 1120, 1430, 0],
		[99, "PAD52", "B", 1120, 1430, 0],
		[100, "PAD53", "T", 1020, 1430, 0],
		[101, "PAD53", "B", 1020, 1430, 0],
		[102, "PAD54", "T", 1220, 1430, 0],
		[103, "PAD54", "B", 1220, 1430, 0],
		[104, "PAD55", "T", 720, 987.04, 0],
		[105, "PAD56", "T", 720, 952.96, 0],
		[106, "PAD57", "T", 1150, 979.66, 0],
		[107, "PAD58", "T", 1150, 920.34, 0],
		[108, "PAD59", "T", 1500, 1445, 0],
		[109, "PAD59", "B", 1500, 1445, 0],
		[110, "PAD60", "T", 1600, 1445, 0],
		[111, "PAD60", "B", 1600, 1445, 0],
		[112, "PAD61", "T", 1700, 1445, 0],
		[113, "PAD61", "B", 1700, 1445, 0],
		[114, "PAD62", "T", 968.36, 1137.6, 0],
		[115, "PAD63", "T", 968.36, 1212.4, 0],
		[116, "PAD64", "T", 881.64, 1175, 0],
		[117, "PAD65", "T", 235, 425, 0],
		[118, "PAD65", "B", 235, 425, 0],
		[119, "PAD66", "T", 235, 325, 0],
		[120, "PAD66", "B", 235, 325, 0],
		[121, "PAD67", "T", 235, 225, 0],
		[122, "PAD67", "B", 235, 225, 0],
		[123, "PAD68", "T", 235, 125, 0],
		[124, "PAD68", "B", 235, 125, 0],
		[125, "PAD69", "T", 531, 925, 0],
		[126, "PAD70", "T", 329, 925, 0],
		[127, "PAD71", "T", 332.04, 535, 0],
		[128, "PAD72", "T", 297.96, 535, 0],
		[129, "PAD73", "T", 332.04, 740, 0],
		[130, "PAD74", "T", 297.96, 740, 0],
		[131, "PAD75", "T", 1535.61, 1060, 0],
		[132, "PAD76", "T", 1535.61, 1110, 0],
		[133, "PAD77", "T", 1535.61, 1160, 0],
		[134, "PAD78", "T", 1535.61, 1210, 0],
		[135, "PAD79", "T", 1324.39, 1060, 0],
		[136, "PAD80", "T", 1324.39, 1110, 0],
		[137, "PAD81", "T", 1324.39, 1160, 0],
		[138, "PAD82", "T", 1324.39, 1210, 0],
		[139, "PAD83", "T", 1502.05, 696.42, 0],
		[140, "PAD83", "B", 1502.05, 696.42, 0],
		[141, "PAD84", "T", 1757.95, 696.42, 0],
		[142, "PAD84", "B", 1757.95, 696.42, 0],
		[143, "PAD85", "T", 1502.05, 873.58, 0],
		[144, "PAD85", "B", 1502.05, 873.58, 0],
		[145, "PAD86", "T", 1757.95, 873.58, 0],
		[146, "PAD86", "B", 1757.95, 873.58, 0],
		[147, "PAD87", "T", 2502.95, 873.58, 0],
		[148, "PAD87", "B", 2502.95, 873.58, 0],
		[149, "PAD88", "T", 2247.05, 873.58, 0],
		[150, "PAD88", "B", 2247.05, 873.58, 0],
		[151, "PAD89", "T", 2502.95, 696.42, 0],
		[152, "PAD89", "B", 2502.95, 696.42, 0],
		[153, "PAD90", "T", 2247.05, 696.42, 0],
		[154, "PAD90", "B", 2247.05, 696.42, 0],
		[155, "PAD91", "T", 1882.05, 1106.42, 0],
		[156, "PAD91", "B", 1882.05, 1106.42, 0],
		[157, "PAD92", "T", 2137.95, 1106.42, 0],
		[158, "PAD92", "B", 2137.95, 1106.42, 0],
		[159, "PAD93", "T", 1882.05, 1283.58, 0],
		[160, "PAD93", "B", 1882.05, 1283.58, 0],
		[161, "PAD94", "T", 2137.95, 1283.58, 0],
		[162, "PAD94", "B", 2137.95, 1283.58, 0],
		[163, "PAD95", "T", 1882.05, 301.42, 0],
		[164, "PAD95", "B", 1882.05, 301.42, 0],
		[165, "PAD96", "T", 2137.95, 301.42, 0],
		[166, "PAD96", "B", 2137.95, 301.42, 0],
		[167, "PAD97", "T", 1882.05, 478.58, 0],
		[168, "PAD97", "B", 1882.05, 478.58, 0],
		[169, "PAD98", "T", 2137.95, 478.58, 0],
		[170, "PAD98", "B", 2137.95, 478.58, 0],
		[171, "PAD99", "T", 3435, 309.66, 0],
		[172, "PAD100", "T", 3435, 250.34, 0],
		[173, "PAD101", "T", 3240, 309.66, 0],
		[174, "PAD102", "T", 3240, 250.34, 0],
		[175, "PAD103", "T", 3438.2071, 1046.732, 0],
		[176, "PAD103", "B", 3438.2071, 1046.732, 0],
		[177, "PAD104", "T", 3241.3571, 1046.732, 0],
		[178, "PAD104", "B", 3241.3571, 1046.732, 0],
		[179, "PAD105", "T", 3438.2071, 475.872, 0],
		[180, "PAD105", "B", 3438.2071, 475.872, 0],
		[181, "PAD106", "T", 3339.7871, 475.872, 0],
		[182, "PAD106", "B", 3339.7871, 475.872, 0],
		[183, "PAD107", "T", 3241.3571, 475.872, 0],
		[184, "PAD107", "B", 3241.3571, 475.872, 0],
		[185, "PAD108", "T", 3564.1971, 771.142, 0],
		[186, "PAD108", "B", 3564.1971, 771.142, 0],
		[187, "PAD109", "T", 3115.3771, 771.142, 0],
		[188, "PAD109", "B", 3115.3771, 771.142, 0],
		[189, "PAD110", "T", 755, 1435, 0],
		[190, "PAD110", "B", 755, 1435, 0],
		[191, "PAD111", "T", 655, 1435, 0],
		[192, "PAD111", "B", 655, 1435, 0],
		[193, "PAD112", "T", 555, 1435, 0],
		[194, "PAD112", "B", 555, 1435, 0]
	]
},
"pins": {
	"fields": ["PIN_NO", "PIN_NAME", "PIN_X", "PIN_Y", "LAYER", "PIN_TYPE", "NET_NAME", "NET_TYPE", "PAD_SHAPE", "PAD_SIZEX", "PAD_SIZEY", "HOLE_SIZE", "HOLE_LEN", "PAD_ANGLE"],
	"rows": [
		[1, "+5-TX-RX-G_1", 235, 425, "T", "DIP", "GND", "GND", "R", 66.929, 66.929, 43.308, 43.308, 270],
		[2, "+5-TX-RX-G_1", 235, 425, "B", "DIP", "GND", "GND", "R", 66.929, 66.929, 43.308, 43.308, 270],
		[3, "+5-TX-RX-G_2", 235, 325, "T", "DIP", "RXD", "", "C", 66.929, 66.929, 43.308, 43.308, 270],
		[4, "+5-TX-RX-G_2", 235, 325, "B", "DIP", "RXD", "", "C", 66.929, 66.929, 43.308, 43.308, 270],
		[5, "+5-TX-RX-G_3", 235, 225, "T", "DIP", "TXD", "", "C", 66.929, 66.929, 43.308, 43.308, 270],
		[6, "+5-TX-RX-G_3", 235, 225, "B", "DIP", "TXD", "", "C", 66.929, 66.929, 43.308, 43.308, 270],
		[7, "+5-TX-RX-G_4", 235, 125, "T", "DIP", "INTERRUPT", "", "C", 66.929, 66.929, 43.308, 43.308, 270],
		[8, "+5-TX-RX-G_4", 235, 125, "B", "DIP", "INTERRUPT", "", "C", 66.929, 66.929, 43.308, 43.308, 270],
		[9, "ADXL345_1", 1695, 115, "T", "DIP", "GND", "GND", "R", 66.929, 66.929, 43.308, 43.308, 180],
		[10, "ADXL345_1", 1695, 115, "B", "DIP", "GND", "GND", "R", 66.929, 66.929, 43.308, 43.308, 180],
		[11, "ADXL345_2", 1595, 115, "T", "DIP", "SDA21", "", "C", 66.929, 66.929, 43.308, 43.308, 180],
		[12, "ADXL345_2", 1595, 115, "B", "DIP", "SDA21", "", "C", 66.929, 66.929, 43.308, 43.308, 180],
		[13, "ADXL345_3", 1495, 115, "T", "DIP", "SCL22", "", "C", 66.929, 66.929, 43.308, 43.308, 180],
		[14, "ADXL345_3", 1495, 115, "B", "DIP", "SCL22", "", "C", 66.929, 66.929, 43.308, 43.308, 180],
		[15, "ADXL345_4", 1395, 115, "T", "DIP", "VCC", "", "C", 66.929, 66.929, 43.308, 43.308, 180],
		[16, "ADXL345_4", 1395, 115, "B", "DIP", "VCC", "", "C", 66.929, 66.929, 43.308, 43.308, 180],
		[17, "BAT_1", 755, 1435, "T", "DIP", "GND", "GND", "R", 66.929, 66.929, 43.308, 43.308, 180],
		[18, "BAT_1", 755, 1435, "B", "DIP", "GND", "GND", "R", 66.929, 66.929, 43.308, 43.308, 180],
		[19, "BAT_2", 655, 1435, "T", "DIP", "$1N9669", "", "C", 66.929, 66.929, 43.308, 43.308, 180],
		[20, "BAT_2", 655, 1435, "B", "DIP", "$1N9669", "", "C", 66.929, 66.929, 43.308, 43.308, 180],
		[21, "BAT_3", 555, 1435, "T", "DIP", "LEDIN+", "", "C", 66.929, 66.929, 43.308, 43.308, 180],
		[22, "BAT_3", 555, 1435, "B", "DIP", "LEDIN+", "", "C", 66.929, 66.929, 43.308, 43.308, 180],
		[23, "BOOT_1", 950, 975, "T", "DIP", "GND", "GND", "R", 78.74, 78.74, 47.244, 47.244, 180],
		[24, "BOOT_1", 950, 975, "B", "DIP", "GND", "GND", "R", 78.74, 78.74, 47.244, 47.244, 180],
		[25, "BOOT_2", 850, 975, "T", "DIP", "IO0", "", "C", 78.74, 78.74, 47.244, 47.244, 180],
		[26, "BOOT_2", 850, 975, "B", "DIP", "IO0", "", "C", 78.74, 78.74, 47.244, 47.244, 180],
		[27, "D1_1", 329, 925, "T", "SMD", "+5V", "", "R", 80.566, 63.78, 0, 0, 0],
		[28, "D1_2", 531, 925, "T", "SMD", "$1N9669", "", "R", 80.566, 63.78, 0, 0, 0],
		[29, "IRLZ44N_1", 1220, 1430, "T", "DIP", "GATE", "", "R", 70.866, 39.37, 23.622, 47.244, 180],
		[30, "IRLZ44N_1", 1220, 1430, "B", "DIP", "GATE", "", "R", 70.866, 39.37, 23.622, 47.244, 180],
		[31, "IRLZ44N_2", 1120, 1430, "T", "DIP", "$1N3919", "", "O", 70.866, 39.37, 23.622, 47.244, 180],
		[32, "IRLZ44N_2", 1120, 1430, "B", "DIP", "$1N3919", "", "O", 70.866, 39.37, 23.622, 47.244, 180],
		[33, "IRLZ44N_3", 1020, 1430, "T", "DIP", "GND", "GND", "O", 70.866, 39.37, 23.622, 47.244, 180],
		[34, "IRLZ44N_3", 1020, 1430, "B", "DIP", "GND", "GND", "O", 70.866, 39.37, 23.622, 47.244, 180],
		[35, "IRSENSOR_1", 1500, 1445, "T", "DIP", "GND", "GND", "R", 66.929, 66.929, 43.308, 43.308, 0],
		[36, "IRSENSOR_1", 1500, 1445, "B", "DIP", "GND", "GND", "R", 66.929, 66.929, 43.308, 43.308, 0],
		[37, "IRSENSOR_2", 1600, 1445, "T", "DIP", "VCC", "", "C", 66.929, 66.929, 43.308, 43.308, 0],
		[38, "IRSENSOR_2", 1600, 1445, "B", "DIP", "VCC", "", "C", 66.929, 66.929, 43.308, 43.308, 0],
		[39, "IRSENSOR_3", 1700, 1445, "T", "DIP", "SEN_IR", "", "C", 66.929, 66.929, 43.308, 43.308, 0],
		[40, "IRSENSOR_3", 1700, 1445, "B", "DIP", "SEN_IR", "", "C", 66.929, 66.929, 43.308, 43.308, 0],
		[41, "LED_1", 370, 1450, "T", "DIP", "$1N3919", "", "R", 78.74, 78.74, 47.244, 47.244, 180],
		[42, "LED_1", 370, 1450, "B", "DIP", "$1N3919", "", "R", 78.74, 78.74, 47.244, 47.244, 180],
		[43, "LED_2", 270, 1450, "T", "DIP", "$1N3898", "", "C", 78.74, 78.74, 47.244, 47.244, 180],
		[44, "LED_2", 270, 1450, "B", "DIP", "$1N3898", "", "C", 78.74, 78.74, 47.244, 47.244, 180],
		[45, "ONOFF_1", 150, 1265, "T", "DIP", "INTERRUPT", "", "R", 78.74, 78.74, 47.244, 47.244, 270],
		[46, "ONOFF_1", 150, 1265, "B", "DIP", "INTERRUPT", "", "R", 78.74, 78.74, 47.244, 47.244, 270],
		[47, "ONOFF_2", 150, 1165, "T", "DIP", "+5V", "", "C", 78.74, 78.74, 47.244, 47.244, 270],
		[48, "ONOFF_2", 150, 1165, "B", "DIP", "+5V", "", "C", 78.74, 78.74, 47.244, 47.244, 270],
		[49, "Q1_1", 968.36, 1137.6, "T", "SMD", "GATE", "", "R", 40.846, 20.945, 0, 0, 0],
		[50, "Q1_2", 968.36, 1212.4, "T", "SMD", "GND", "GND", "R", 40.846, 20.945, 0, 0, 0],
		[51, "Q1_3", 881.64, 1175, "T", "SMD", "$1N3919", "", "R", 40.846, 20.945, 0, 0, 0],
		[52, "R1_1", 1440, 330.34, "T", "SMD", "VCC", "", "R", 31.751, 34.016, 0, 0, 90],
		[53, "R1_2", 1440, 389.66, "T", "SMD", "$1N3091", "", "R", 31.751, 34.016, 0, 0, 90],
		[54, "R3_1", 265.34, 1315, "T", "SMD", "$1N3898", "", "R", 31.751, 34.016, 0, 0, 0],
		[55, "R3_2", 324.66, 1315, "T", "SMD", "LEDIN+", "", "R", 31.751, 34.016, 0, 0, 0],
		[56, "R4_1", 720, 952.96, "T", "SMD", "LEDIO2", "", "R", 22.27, 21.26, 0, 0, 90],
		[57, "R4_2", 720, 987.04, "T", "SMD", "GATE", "", "R", 22.27, 21.26, 0, 0, 90],
		[58, "R5_1", 1150, 920.34, "T", "SMD", "GND", "GND", "R", 31.751, 34.016, 0, 0, 90],
		[59, "R5_2", 1150, 979.66, "T", "SMD", "GATE", "", "R", 31.751, 34.016, 0, 0, 90],
		[60, "R6_1", 297.96, 535, "T", "SMD", "SCL22", "", "R", 22.27, 21.26, 0, 0, 0],
		[61, "R6_2", 332.04, 535, "T", "SMD", "VCC", "", "R", 22.27, 21.26, 0, 0, 0],
		[62, "R7_1", 297.96, 740, "T", "SMD", "SDA21", "", "R", 22.27, 21.26, 0, 0, 0],
		[63, "R7_2", 332.04, 740, "T", "SMD", "VCC", "", "R", 22.27, 21.26, 0, 0, 0],
		[64, "R8_1", 3435, 250.34, "T", "SMD", "VCC", "", "R", 31.751, 34.016, 0, 0, 90],
		[65, "R8_2", 3435, 309.66, "T", "SMD", "ENC1", "", "R", 31.751, 34.016, 0, 0, 90],
		[66, "R9_1", 3240, 250.34, "T", "SMD", "VCC", "", "R", 31.751, 34.016, 0, 0, 90],
		[67, "R9_2", 3240, 309.66, "T", "SMD", "ENC2", "", "R", 31.751, 34.016, 0, 0, 90],
		[68, "SDD1306_1", 135, 940, "T", "DIP", "GND", "GND", "R", 66.929, 66.929, 43.308, 43.308, 270],
		[69, "SDD1306_1", 135, 940, "B", "DIP", "GND", "GND", "R", 66.929, 66.929, 43.308, 43.308, 270],
		[70, "SDD1306_2", 135, 840, "T", "DIP", "VCC", "", "C", 66.929, 66.929, 43.308, 43.308, 270],
		[71, "SDD1306_2", 135, 840, "B", "DIP", "VCC", "", "C", 66.929, 66.929, 43.308, 43.308, 270],
		[72, "SDD1306_3", 135, 740, "T", "DIP", "SCL22", "", "C", 66.929, 66.929, 43.308, 43.308, 270],
		[73, "SDD1306_3", 135, 740, "B", "DIP", "SCL22", "", "C", 66.929, 66.929, 43.308, 43.308, 270],
		[74, "SDD1306_4", 135, 640, "T", "DIP", "SDA21", "", "C", 66.929, 66.929, 43.308, 43.308, 270],
		[75, "SDD1306_4", 135, 640, "B", "DIP", "SDA21", "", "C", 66.929, 66.929, 43.308, 43.308, 270],
		[76, "SW1_1", 1502.05, 696.42, "T", "DIP", "GND", "GND", "C", 70.866, 70.866, 47.244, 47.244, 180],
		[77, "SW1_1", 1502.05, 696.42, "B", "DIP", "GND", "GND", "C", 70.866, 70.866, 47.244, 47.244, 180],
		[78, "SW1_2", 1757.95, 696.42, "T", "DIP", "GND", "GND", "C", 70.866, 70.866, 47.244, 47.244, 180],
		[79, "SW1_2", 1757.95, 696.42, "B", "DIP", "GND", "GND", "C", 70.866, 70.866, 47.244, 47.244, 180],
		[80, "SW1_3", 1502.05, 873.58, "T", "DIP", "BTN1", "", "C", 70.866, 70.866, 47.244, 47.244, 180],
		[81, "SW1_3", 1502.05, 873.58, "B", "DIP", "BTN1", "", "C", 70.866, 70.866, 47.244, 47.244, 180],
		[82, "SW1_4", 1757.95, 873.58, "T", "DIP", "BTN1", "", "C", 70.866, 70.866, 47.244, 47.244, 180],
		[83, "SW1_4", 1757.95, 873.58, "B", "DIP", "BTN1", "", "C", 70.866, 70.866, 47.244, 47.244, 180],
		[84, "SW2_1", 2502.95, 873.58, "T", "DIP", "GND", "GND", "C", 70.866, 70.866, 47.244, 47.244, 0],
		[85, "SW2_1", 2502.95, 873.58, "B", "DIP", "GND", "GND", "C", 70.866, 70.866, 47.244, 47.244, 0],
		[86, "SW2_2", 2247.05, 873.58, "T", "DIP", "GND", "GND", "C", 70.866, 70.866, 47.244, 47.244, 0],
		[87, "SW2_2", 2247.05, 873.58, "B", "DIP", "GND", "GND", "C", 70.866, 70.866, 47.244, 47.244, 0],
		[88, "SW2_3", 2502.95, 696.42, "T", "DIP", "BTN2", "", "C", 70.866, 70.866, 47.244, 47.244, 0],
		[89, "SW2_3", 2502.95, 696.42, "B", "DIP", "BTN2", "", "C", 70.866, 70.866, 47.244, 47.244, 0],
		[90, "SW2_4", 2247.05, 696.42, "T", "DIP", "BTN2", "", "C", 70.866, 70.866, 47.244, 47.244, 0],
		[91, "SW2_4", 2247.05, 696.42, "B", "DIP", "BTN2", "", "C", 70.866, 70.866, 47.244, 47.244, 0],
		[92, "SW3_1", 1882.05, 1106.42, "T", "DIP", "GND", "GND", "C", 70.866, 70.866, 47.244, 47.244, 180],
		[93, "SW3_1", 1882.05, 1106.42, "B", "DIP", "GND", "GND", "C", 70.866, 70.866, 47.244, 47.244, 180],
		[94, "SW3_2", 2137.95, 1106.42, "T", "DIP", "GND", "GND", "C", 70.866, 70.866, 47.244, 47.244, 180],
		[95, "SW3_2", 2137.95, 1106.42, "B", "DIP", "GND", "GND", "C", 70.866, 70.866, 47.244, 47.244, 180],
		[96, "SW3_3", 1882.05, 1283.58, "T", "DIP", "BTN3", "", "C", 70.866, 70.866, 47.244, 47.244, 180],
		[97, "SW3_3", 1882.05, 1283.58, "B", "DIP", "BTN3", "", "C", 70.866, 70.866, 47.244, 47.244, 180],
		[98, "SW3_4", 2137.95, 1283.58, "T", "DIP", "BTN3", "", "C", 70.866, 70.866, 47.244, 47.244, 180],
		[99, "SW3_4", 2137.95, 1283.58, "B", "DIP", "BTN3", "", "C", 70.866, 70.866, 47.244, 47.244, 180],
		[100, "SW4_1", 1882.05, 301.42, "T", "DIP", "GND", "GND", "C", 70.866, 70.866, 47.244, 47.244, 180],
		[101, "SW4_1", 1882.05, 301.42, "B", "DIP", "GND", "GND", "C", 70.866, 70.866, 47.244, 47.244, 180],
		[102, "SW4_2", 2137.95, 301.42, "T", "DIP", "GND", "GND", "C", 70.866, 70.866, 47.244, 47.244, 180],
		[103, "SW4_2", 2137.95, 301.42, "B", "DIP", "GND", "GND", "C", 70.866, 70.866, 47.244, 47.244, 180],
		[104, "SW4_3", 1882.05, 478.58, "T", "DIP", "BTN4", "", "C", 70.866, 70.866, 47.244, 47.244, 180],
		[105, "SW4_3", 1882.05, 478.58, "B", "DIP", "BTN4", "", "C", 70.866, 70.866, 47.244, 47.244, 180],
		[106, "SW4_4", 2137.95, 478.58, "T", "DIP", "BTN4", "", "C", 70.866, 70.866, 47.244, 47.244, 180],
		[107, "SW4_4", 2137.95, 478.58, "B", "DIP", "BTN4", "", "C", 70.866, 70.866, 47.244, 47.244, 180],
		[108, "SW5_1", 3438.2071, 1046.732, "T", "DIP", "BTN5", "", "C", 70.866, 70.866, 47.244, 47.244, 180],
		[109, "SW5_1", 3438.2071, 1046.732, "B", "DIP", "BTN5", "", "C", 70.866, 70.866, 47.244, 47.244, 180],
		[110, "SW5_2", 3241.3571, 1046.732, "T", "DIP", "GND", "GND", "C", 70.866, 70.866, 47.244, 47.244, 180],
		[111, "SW5_2", 3241.3571, 1046.732, "B", "DIP", "GND", "GND", "C", 70.866, 70.866, 47.244, 47.244, 180],
		[112, "SW5_A", 3438.2071, 475.872, "T", "DIP", "ENC1", "", "C", 70.866, 70.866, 47.244, 47.244, 180],
		[113, "SW5_A", 3438.2071, 475.872, "B", "DIP", "ENC1", "", "C", 70.866, 70.866, 47.244, 47.244, 180],
		[114, "SW5_B", 3241.3571, 475.872, "T", "DIP", "ENC2", "", "C", 70.866, 70.866, 47.244, 47.244, 180],
		[115, "SW5_B", 3241.3571, 475.872, "B", "DIP", "ENC2", "", "C", 70.866, 70.866, 47.244, 47.244, 180],
		[116, "SW5_C", 3339.7871, 475.872, "T", "DIP", "GND", "GND", "C", 70.866, 70.866, 47.244, 47.244, 180],
		[117, "SW5_C", 3339.7871, 475.872, "B", "DIP", "GND", "GND", "C", 70.866, 70.866, 47.244, 47.244, 180],
		[118, "SW5_MT1", 3564.1971, 771.142, "T", "DIP", "GND", "GND", "O", 94.488, 149.606, 55.118, 110.236, 180],
		[119, "SW5_MT1", 3564.1971, 771.142, "B", "DIP", "GND", "GND", "O", 94.488, 149.606, 55.118, 110.236, 180],
		[120, "SW5_MT2", 3115.3771, 771.142, "T", "DIP", "GND", "GND", "O", 94.488, 149.606, 55.118, 110.236, 180],
		[121, "SW5_MT2", 3115.3771, 771.142, "B", "DIP", "GND", "GND", "O", 94.488, 149.606, 55.118, 110.236, 180],
		[122, "U1_1", 1194.331, 70.468, "T", "SMD", "GND", "GND", "R", 78.74, 35.433, 0, 0, 180],
		[123, "U1_2", 1194.331, 120.468, "T", "SMD", "VCC", "", "R", 78.74, 35.433, 0, 0, 180],
		[124, "U1_3", 1194.331, 170.468, "T", "SMD", "$1N3091", "", "R", 78.74, 35.433, 0, 0, 180],
		[125, "U1_4", 1194.331, 220.468, "T", "SMD", "NET_1", "", "R", 78.74, 35.433, 0, 0, 180],
		[126, "U1_5", 1194.331, 270.468, "T", "SMD", "NET_2", "", "R", 78.74, 35.433, 0, 0, 180],
		[127, "U1_6", 1194.331, 320.468, "T", "SMD", "NET_3", "", "R", 78.74, 35.433, 0, 0, 180],
		[128, "U1_7", 1194.331, 370.468, "T", "SMD", "NET_4", "", "R", 78.74, 35.433, 0, 0, 180],
		[129, "U1_8", 1194.331, 420.468, "T", "SMD", "ENC1", "", "R", 78.74, 35.433, 0, 0, 180],
		[130, "U1_9", 1194.331, 470.468, "T", "SMD", "ENC2", "", "R", 78.74, 35.433, 0, 0, 180],
		[131, "U1_10", 1194.331, 520.468, "T", "SMD", "BTN3", "", "R", 78.74, 35.433, 0, 0, 180],
		[132, "U1_11", 1194.331, 570.468, "T", "SMD", "BTN1", "", "R", 78.74, 35.433, 0, 0, 180],
		[133, "U1_12", 1194.331, 620.468, "T", "SMD", "BTN2", "", "R", 78.74, 35.433, 0, 0, 180],
		[134, "U1_13", 1194.331, 670.468, "T", "SMD", "NET_5", "", "R", 78.74, 35.433, 0, 0, 180],
		[135, "U1_14", 1194.331, 720.468, "T", "SMD", "NET_6", "", "R", 78.74, 35.433, 0, 0, 180],
		[136, "U1_15", 1065.001, 779.528, "T", "SMD", "GND", "GND", "R", 78.74, 35.433, 0, 0, 90],
		[137, "U1_16", 1015.001, 779.528, "T", "SMD", "BTN4", "", "R", 78.74, 35.433, 0, 0, 90],
		[138, "U1_17", 965.001, 779.528, "T", "SMD", "NET_7", "", "R", 78.74, 35.433, 0, 0, 90],
		[139, "U1_18", 915.001, 779.528, "T", "SMD", "NET_8", "", "R", 78.74, 35.433, 0, 0, 90],
		[140, "U1_19", 865.001, 779.528, "T", "SMD", "NET_9", "", "R", 78.74, 35.433, 0, 0, 90],
		[141, "U1_20", 815.001, 779.528, "T", "SMD", "NET_10", "", "R", 78.74, 35.433, 0, 0, 90],
		[142, "U1_21", 765.001, 779.528, "T", "SMD", "NET_11", "", "R", 78.74, 35.433, 0, 0, 90],
		[143, "U1_22", 715.001, 779.528, "T", "SMD", "NET_12", "", "R", 78.74, 35.433, 0, 0, 90],
		[144, "U1_23", 665.001, 779.528, "T", "SMD", "NET_13", "", "R", 78.74, 35.433, 0, 0, 90],
		[145, "U1_24", 615.001, 779.528, "T", "SMD", "LEDIO2", "", "R", 78.74, 35.433, 0, 0, 90],
		[146, "U1_25", 485.671, 720.468, "T", "SMD", "IO0", "", "R", 78.74, 35.433, 0, 0, 180],
		[147, "U1_26", 485.671, 670.468, "T", "SMD", "SEN_IR", "", "R", 78.74, 35.433, 0, 0, 180],
		[148, "U1_27", 485.671, 620.468, "T", "SMD", "NET_14", "", "R", 78.74, 35.433, 0, 0, 180],
		[149, "U1_28", 485.671, 570.468, "T", "SMD", "BTN5", "", "R", 78.74, 35.433, 0, 0, 180],
		[150, "U1_29", 485.671, 520.468, "T", "SMD", "CS", "", "R", 78.74, 35.433, 0, 0, 180],
		[151, "U1_30", 485.671, 470.468, "T", "SMD", "SCK", "", "R", 78.74, 35.433, 0, 0, 180],
		[152, "U1_31", 485.671, 420.468, "T", "SMD", "MISO", "", "R", 78.74, 35.433, 0, 0, 180],
		[153, "U1_32", 485.671, 370.468, "T", "SMD", "NET_15", "", "R", 78.74, 35.433, 0, 0, 180],
		[154, "U1_33", 485.671, 320.468, "T", "SMD", "SDA21", "", "R", 78.74, 35.433, 0, 0, 180],
		[155, "U1_34", 485.671, 270.468, "T", "SMD", "RXD", "", "R", 78.74, 35.433, 0, 0, 180],
		[156, "U1_35", 485.671, 220.468, "T", "SMD", "TXD", "", "R", 78.74, 35.433, 0, 0, 180],
		[157, "U1_36", 485.671, 170.468, "T", "SMD", "SCL22", "", "R", 78.74, 35.433, 0, 0, 180],
		[158, "U1_37", 485.671, 120.468, "T", "SMD", "MOSI", "", "R", 78.74, 35.433, 0, 0, 180],
		[159, "U1_38", 485.671, 70.468, "T", "SMD", "GND", "GND", "R", 78.74, 35.433, 0, 0, 180],
		[160, "U1_39", 866.771, 359.458, "T", "SMD", "GND", "GND", "R", 161.417, 161.417, 0, 0, 180],
		[161, "U2_1", 463.07, 1270.55, "T", "SMD", "GND", "GND", "R", 98.425, 43.307, 0, 0, 180],
		[162, "U2_2", 463.07, 1180, "T", "SMD", "VCC", "", "R", 98.425, 43.307, 0, 0, 180],
		[163, "U2_3", 463.07, 1089.45, "T", "SMD", "INTERRUPT", "", "R", 98.425, 43.307, 0, 0, 180],
		[164, "U2_4", 696.93, 1180, "T", "SMD", "VCC", "", "R", 92.126, 141.732, 0, 0, 180],
		[165, "U3_1", 1535.61, 1060, "T", "SMD", "CS", "", "O", 24.803, 73.425, 0, 0, 90],
		[166, "U3_2", 1535.61, 1110, "T", "SMD", "MISO", "", "O", 24.803, 73.425, 0, 0, 90],
		[167, "U3_3", 1535.61, 1160, "T", "SMD", "VCC", "", "O", 24.803, 73.425, 0, 0, 90],
		[168, "U3_4", 1535.61, 1210, "T", "SMD", "GND", "GND", "O", 24.803, 73.425, 0, 0, 90],
		[169, "U3_5", 1324.39, 1210, "T", "SMD", "MOSI", "", "O", 24.803, 73.425, 0, 0, 90],
		[170, "U3_6", 1324.39, 1160, "T", "SMD", "SCK", "", "O", 24.803, 73.425, 0, 0, 90],
		[171, "U3_7", 1324.39, 1110, "T", "SMD", "VCC", "", "O", 24.803, 73.425, 0, 0, 90],
		[172, "U3_8", 1324.39, 1060, "T", "SMD", "VCC", "", "O", 24.803, 73.425, 0, 0, 90],
		[173, "PAD1_1", 1980, 790, "T", "DIP", "GND", "GND", "C", 157.4803, 157.4803, 118.1102, 118.1102, 0],
		[174, "PAD1_1", 1980, 790, "B", "DIP", "GND", "GND", "C", 157.4803, 157.4803, 118.1102, 118.1102, 0],
		[175, "PAD2_1", 3610, 1410, "T", "DIP", "GND", "GND", "C", 157.4803, 157.4803, 118.1102, 118.1102, 0],
		[176, "PAD2_1", 3610, 1410, "B", "DIP", "GND", "GND", "C", 157.4803, 157.4803, 118.1102, 118.1102, 0],
		[177, "PAD3_1", 3615, 120, "T", "DIP", "GND", "GND", "C", 157.4803, 157.4803, 118.1102, 118.1102, 0],
		[178, "PAD3_1", 3615, 120, "B", "DIP", "GND", "GND", "C", 157.4803, 157.4803, 118.1102, 118.1102, 0],
		[179, "PAD4_1", 120, 1425, "T", "DIP", "GND", "GND", "C", 157.4803, 157.4803, 118.1102, 118.1102, 0],
		[180, "PAD4_1", 120, 1425, "B", "DIP", "GND", "GND", "C", 157.4803, 157.4803, 118.1102, 118.1102, 0],
		[181, "PAD5_1", 100, 110, "T", "DIP", "GND", "GND", "C", 157.4803, 157.4803, 118.1102, 118.1102, 0],
		[182, "PAD5_1", 100, 110, "B", "DIP", "GND", "GND", "C", 157.4803, 157.4803, 118.1102, 118.1102, 0],
		[183, "PAD6_1", 1695, 115, "T", "DIP", "GND", "GND", "R", 66.929, 66.929, 43.308, 43.308, 180],
		[184, "PAD6_1", 1695, 115, "B", "DIP", "GND", "GND", "R", 66.929, 66.929, 43.308, 43.308, 180],
		[185, "PAD7_2", 1595, 115, "T", "DIP", "SDA21", "", "C", 66.929, 66.929, 43.308, 43.308, 180],
		[186, "PAD7_2", 1595, 115, "B", "DIP", "SDA21", "", "C", 66.929, 66.929, 43.308, 43.308, 180],
		[187, "PAD8_3", 1495, 115, "T", "DIP", "SCL22", "", "C", 66.929, 66.929, 43.308, 43.308, 180],
		[188, "PAD8_3", 1495, 115, "B", "DIP", "SCL22", "", "C", 66.929, 66.929, 43.308, 43.308, 180],
		[189, "PAD9_4", 1395, 115, "T", "DIP", "VCC", "", "C", 66.929, 66.929, 43.308, 43.308, 180],
		[190, "PAD9_4", 1395, 115, "B", "DIP", "VCC", "", "C", 66.929, 66.929, 43.308, 43.308, 180],
		[191, "PAD10_1", 370, 1450, "T", "DIP", "$1N3919", "", "R", 78.74, 78.74, 47.244, 47.244, 180],
		[192, "PAD10_1", 370, 1450, "B", "DIP", "$1N3919", "", "R", 78.74, 78.74, 47.244, 47.244, 180],
		[193, "PAD11_2", 270, 1450, "T", "DIP", "$1N3898", "", "C", 78.74, 78.74, 47.244, 47.244, 180],
		[194, "PAD11_2", 270, 1450, "B", "DIP", "$1N3898", "", "C", 78.74, 78.74, 47.244, 47.244, 180],
		[195, "PAD12_1", 135, 940, "T", "DIP", "GND", "GND", "R", 66.929, 66.929, 43.308, 43.308, 270],
		[196, "PAD12_1", 135, 940, "B", "DIP", "GND", "GND", "R", 66.929, 66.929, 43.308, 43.308, 270],
		[197, "PAD13_2", 135, 840, "T", "DIP", "VCC", "", "C", 66.929, 66.929, 43.308, 43.308, 270],
		[198, "PAD13_2", 135, 840, "B", "DIP", "VCC", "", "C", 66.929, 66.929, 43.308, 43.308, 270],
		[199, "PAD14_3", 135, 740, "T", "DIP", "SCL22", "", "C", 66.929, 66.929, 43.308, 43.308, 270],
		[200, "PAD14_3", 135, 740, "B", "DIP", "SCL22", "", "C", 66.929, 66.929, 43.308, 43.308, 270],
		[201, "PAD15_4", 135, 640, "T", "DIP", "SDA21", "", "C", 66.929, 66.929, 43.308, 43.308, 270],
		[202, "PAD15_4", 135, 640, "B", "DIP", "SDA21", "", "C", 66.929, 66.929, 43.308, 43.308, 270],
		[203, "PAD16_1", 950, 975, "T", "DIP", "GND", "GND", "R", 78.74, 78.74, 47.244, 47.244, 180],
		[204, "PAD16_1", 950, 975, "B", "DIP", "GND", "GND", "R", 78.74, 78.74, 47.244, 47.244, 180],
		[205, "PAD17_2", 850, 975, "T", "DIP", "IO0", "", "C", 78.74, 78.74, 47.244, 47.244, 180],
		[206, "PAD17_2", 850, 975, "B", "DIP", "IO0", "", "C", 78.74, 78.74, 47.244, 47.244, 180],
		[207, "PAD18_1", 150, 1265, "T", "DIP", "INTERRUPT", "", "R", 78.74, 78.74, 47.244, 47.244, 270],
		[208, "PAD18_1", 150, 1265, "B", "DIP", "INTERRUPT", "", "R", 78.74, 78.74, 47.244, 47.244, 270],
		[209, "PAD19_2", 150, 1165, "T", "DIP", "+5V", "", "C", 78.74, 78.74, 47.244, 47.244, 270],
		[210, "PAD19_2", 150, 1165, "B", "DIP", "+5V", "", "C", 78.74, 78.74, 47.244, 47.244, 270],
		[211, "PAD20_2", 1440, 389.66, "T", "SMD", "$1N3091", "", "R", 31.751, 34.016, 0, 0, 90],
		[212, "PAD21_1", 1440, 330.34, "T", "SMD", "VCC", "", "R", 31.751, 34.016, 0, 0, 90],
		[213, "PAD22_2", 324.66, 1315, "T", "SMD", "LEDIN+", "", "R", 31.751, 34.016, 0, 0, 0],
		[214, "PAD23_1", 265.34, 1315, "T", "SMD", "$1N3898", "", "R", 31.751, 34.016, 0, 0, 0],
		[215, "PAD24_1", 1194.331, 70.468, "T", "SMD", "GND", "GND", "R", 78.74, 35.433, 0, 0, 180],
		[216, "PAD25_2", 1194.331, 120.468, "T", "SMD", "VCC", "", "R", 78.74, 35.433, 0, 0, 180],
		[217, "PAD26_3", 1194.331, 170.468, "T", "SMD", "$1N3091", "", "R", 78.74, 35.433, 0, 0, 180],
		[218, "PAD27_8", 1194.331, 420.468, "T", "SMD", "ENC1", "", "R", 78.74, 35.433, 0, 0, 180],
		[219, "PAD28_9", 1194.331, 470.468, "T", "SMD", "ENC2", "", "R", 78.74, 35.433, 0, 0, 180],
		[220, "PAD29_10", 1194.331, 520.468, "T", "SMD", "BTN3", "", "R", 78.74, 35.433, 0, 0, 180],
		[221, "PAD30_11", 1194.331, 570.468, "T", "SMD", "BTN1", "", "R", 78.74, 35.433, 0, 0, 180],
		[222, "PAD31_12", 1194.331, 620.468, "T", "SMD", "BTN2", "", "R", 78.74, 35.433, 0, 0, 180],
		[223, "PAD32_15", 1065.001, 779.528, "T", "SMD", "GND", "GND", "R", 78.74, 35.433, 0, 0, 90],
		[224, "PAD33_16", 1015.001, 779.528, "T", "SMD", "BTN4", "", "R", 78.74, 35.433, 0, 0, 90],
		[225, "PAD34_24", 615.001, 779.528, "T", "SMD", "LEDIO2", "", "R", 78.74, 35.433, 0, 0, 90],
		[226, "PAD35_25", 485.671, 720.468, "T", "SMD", "IO0", "", "R", 78.74, 35.433, 0, 0, 180],
		[227, "PAD36_26", 485.671, 670.468, "T", "SMD", "SEN_IR", "", "R", 78.74, 35.433, 0, 0, 180],
		[228, "PAD37_28", 485.671, 570.468, "T", "SMD", "BTN5", "", "R", 78.74, 35.433, 0, 0, 180],
		[229, "PAD38_29", 485.671, 520.468, "T", "SMD", "CS", "", "R", 78.74, 35.433, 0, 0, 180],
		[230, "PAD39_30", 485.671, 470.468, "T", "SMD", "SCK", "", "R", 78.74, 35.433, 0, 0, 180],
		[231, "PAD40_31", 485.671, 420.468, "T", "SMD", "MISO", "", "R", 78.74, 35.433, 0, 0, 180],
		[232, "PAD41_33", 485.671, 320.468, "T", "SMD", "SDA21", "", "R", 78.74, 35.433, 0, 0, 180],
		[233, "PAD42_34", 485.671, 270.468, "T", "SMD", "RXD", "", "R", 78.74, 35.433, 0, 0, 180],
		[234, "PAD43_35", 485.671, 220.468, "T", "SMD", "TXD", "", "R", 78.74, 35.433, 0, 0, 180],
		[235, "PAD44_36", 485.671, 170.468, "T", "SMD", "SCL22", "", "R", 78.74, 35.433, 0, 0, 180],
		[236, "PAD45_37", 485.671, 120.468, "T", "SMD", "MOSI", "", "R", 78.74, 35.433, 0, 0, 180],
		[237, "PAD46_38", 485.671, 70.468, "T", "SMD", "GND", "GND", "R", 78.74, 35.433, 0, 0, 180],
		[238, "PAD47_39", 866.771, 359.458, "T", "SMD", "GND", "GND", "R", 161.417, 161.417, 0, 0, 180],
		[239, "PAD48_4", 696.93, 1180, "T", "SMD", "VCC", "", "R", 92.126, 141.732, 0, 0, 180],
		[240, "PAD49_3", 463.07, 1089.45, "T", "SMD", "INTERRUPT", "", "R", 98.425, 43.307, 0, 0, 180],
		[241, "PAD50_2", 463.07, 1180, "T", "SMD", "VCC", "", "R", 98.425, 43.307, 0, 0, 180],
		[242, "PAD51_1", 463.07, 1270.55, "T", "SMD", "GND", "GND", "R", 98.425, 43.307, 0, 0, 180],
		[243, "PAD52_2", 1120, 1430, "T", "DIP", "$1N3919", "", "O", 70.866, 39.37, 23.622, 47.244, 180],
		[244, "PAD52_2", 1120, 1430, "B", "DIP", "$1N3919", "", "O", 70.866, 39.37, 23.622, 47.244, 180],
		[245, "PAD53_3", 1020, 1430, "T", "DIP", "GND", "GND", "O", 70.866, 39.37, 23.622, 47.244, 180],
		[246, "PAD53_3", 1020, 1430, "B", "DIP", "GND", "GND", "O", 70.866, 39.37, 23.622, 47.244, 180],
		[247, "PAD54_1", 1220, 1430, "T", "DIP", "GATE", "", "R", 70.866, 39.37, 23.622, 47.244, 180],
		[248, "PAD54_1", 1220, 1430, "B", "DIP", "GATE", "", "R", 70.866, 39.37, 23.622, 47.244, 180],
		[249, "PAD55_2", 720, 987.04, "T", "SMD", "GATE", "", "R", 22.27, 21.26, 0, 0, 90],
		[250, "PAD56_1", 720, 952.96, "T", "SMD", "LEDIO2", "", "R", 22.27, 21.26, 0, 0, 90],
		[251, "PAD57_2", 1150, 979.66, "T", "SMD", "GATE", "", "R", 31.751, 34.016, 0, 0, 90],
		[252, "PAD58_1", 1150, 920.34, "T", "SMD", "GND", "GND", "R", 31.751, 34.016, 0, 0, 90],
		[253, "PAD59_1", 1500, 1445, "T", "DIP", "GND", "GND", "R", 66.929, 66.929, 43.308, 43.308, 0],
		[254, "PAD59_1", 1500, 1445, "B", "DIP", "GND", "GND", "R", 66.929, 66.929, 43.308, 43.308, 0],
		[255, "PAD60_2", 1600, 1445, "T", "DIP", "VCC", "", "C", 66.929, 66.929, 43.308, 43.308, 0],
		[256, "PAD60_2", 1600, 1445, "B", "DIP", "VCC", "", "C", 66.929, 66.929, 43.308, 43.308, 0],
		[257, "PAD61_3", 1700, 1445, "T", "DIP", "SEN_IR", "", "C", 66.929, 66.929, 43.308, 43.308, 0],
		[258, "PAD61_3", 1700, 1445, "B", "DIP", "SEN_IR", "", "C", 66.929, 66.929, 43.308, 43.308, 0],
		[259, "PAD62_1", 968.36, 1137.6, "T", "SMD", "GATE", "", "R", 40.846, 20.945, 0, 0, 0],
		[260, "PAD63_2", 968.36, 1212.4, "T", "SMD", "GND", "GND", "R", 40.846, 20.945, 0, 0, 0],
		[261, "PAD64_3", 881.64, 1175, "T", "SMD", "$1N3919", "", "R", 40.846, 20.945, 0, 0, 0],
		[262, "PAD65_1", 235, 425, "T", "DIP", "GND", "GND", "R", 66.929, 66.929, 43.308, 43.308, 270],
		[263, "PAD65_1", 235, 425, "B", "DIP", "GND", "GND", "R", 66.929, 66.929, 43.308, 43.308, 270],
		[264, "PAD66_2", 235, 325, "T", "DIP", "RXD", "", "C", 66.929, 66.929, 43.308, 43.308, 270],
		[265, "PAD66_2", 235, 325, "B", "DIP", "RXD", "", "C", 66.929, 66.929, 43.308, 43.308, 270],
		[266, "PAD67_3", 235, 225, "T", "DIP", "TXD", "", "C", 66.929, 66.929, 43.308, 43.308, 270],
		[267, "PAD67_3", 235, 225, "B", "DIP", "TXD", "", "C", 66.929, 66.929, 43.308, 43.308, 270],
		[268, "PAD68_4", 235, 125, "T", "DIP", "INTERRUPT", "", "C", 66.929, 66.929, 43.308, 43.308, 270],
		[269, "PAD68_4", 235, 125, "B", "DIP", "INTERRUPT", "", "C", 66.929, 66.929, 43.308, 43.308, 270],
		[270, "PAD69_2", 531, 925, "T", "SMD", "$1N9669", "", "R", 80.566, 63.78, 0, 0, 0],
		[271, "PAD70_1", 329, 925, "T", "SMD", "+5V", "", "R", 80.566, 63.78, 0, 0, 0],
		[272, "PAD71_2", 332.04, 535, "T", "SMD", "VCC", "", "R", 22.27, 21.26, 0, 0, 0],
		[273, "PAD72_1", 297.96, 535, "T", "SMD", "SCL22", "", "R", 22.27, 21.26, 0, 0, 0],
		[274, "PAD73_2", 332.04, 740, "T", "SMD", "VCC", "", "R", 22.27, 21.26, 0, 0, 0],
		[275, "PAD74_1", 297.96, 740, "T", "SMD", "SDA21", "", "R", 22.27, 21.26, 0, 0, 0],
		[276, "PAD75_1", 1535.61, 1060, "T", "SMD", "CS", "", "O", 24.803, 73.425, 0, 0, 90],
		[277, "PAD76_2", 1535.61, 1110, "T", "SMD", "MISO", "", "O", 24.803, 73.425, 0, 0, 90],
		[278, "PAD77_3", 1535.61, 1160, "T", "SMD", "VCC", "", "O", 24.803, 73.425, 0, 0, 90],
		[279, "PAD78_4", 1535.61, 1210, "T", "SMD", "GND", "GND", "O", 24.803, 73.425, 0, 0, 90],
		[280, "PAD79_8", 1324.39, 1060, "T", "SMD", "VCC", "", "O", 24.803, 73.425, 0, 0, 90],
		[281, "PAD80_7", 1324.39, 1110, "T", "SMD", "VCC", "", "O", 24.803, 73.425, 0, 0, 90],
		[282, "PAD81_6", 1324.39, 1160, "T", "SMD", "SCK", "", "O", 24.803, 73.425, 0, 0, 90],
		[283, "PAD82_5", 1324.39, 1210, "T", "SMD", "MOSI", "", "O", 24.803, 73.425, 0, 0, 90],
		[284, "PAD83_1", 1502.05, 696.42, "T", "DIP", "GND", "GND", "C", 70.866, 70.866, 47.244, 47.244, 180],
		[285, "PAD83_1", 1502.05, 696.42, "B", "DIP", "GND", "GND", "C", 70.866, 70.866, 47.244, 47.244, 180],
		[286, "PAD84_2", 1757.95, 696.42, "T", "DIP", "GND", "GND", "C", 70.866, 70.866, 47.244, 47.244, 180],
		[287, "PAD84_2", 1757.95, 696.42, "B", "DIP", "GND", "GND", "C", 70.866, 70.866, 47.244, 47.244, 180],
		[288, "PAD85_3", 1502.05, 873.58, "T", "DIP", "BTN1", "", "C", 70.866, 70.866, 47.244, 47.244, 180],
		[289, "PAD85_3", 1502.05, 873.58, "B", "DIP", "BTN1", "", "C", 70.866, 70.866, 47.244, 47.244, 180],
		[290, "PAD86_4", 1757.95, 873.58, "T", "DIP", "BTN1", "", "C", 70.866, 70.866, 47.244, 47.244, 180],
		[291, "PAD86_4", 1757.95, 873.58, "B", "DIP", "BTN1", "", "C", 70.866, 70.866, 47.244, 47.244, 180],
		[292, "PAD87_1", 2502.95, 873.58, "T", "DIP", "GND", "GND", "C", 70.866, 70.866, 47.244, 47.244, 0],
		[293, "PAD87_1", 2502.95, 873.58, "B", "DIP", "GND", "GND", "C", 70.866, 70.866, 47.244, 47.244, 0],
		[294, "PAD88_2", 2247.05, 873.58, "T", "DIP", "GND", "GND", "C", 70.866, 70.866, 47.244, 47.244, 0],
		[295, "PAD88_2", 2247.05, 873.58, "B", "DIP", "GND", "GND", "C", 70.866, 70.866, 47.244, 47.244, 0],
		[296, "PAD89_3", 2502.95, 696.42, "T", "DIP", "BTN2", "", "C", 70.866, 70.866, 47.244, 47.244, 0],
		[297, "PAD89_3", 2502.95, 696.42, "B", "DIP", "BTN2", "", "C", 70.866, 70.866, 47.244, 47.244, 0],
		[298, "PAD90_4", 2247.05, 696.42, "T", "DIP", "BTN2", "", "C", 70.866, 70.866, 47.244, 47.244, 0],
		[299, "PAD90_4", 2247.05, 696.42, "B", "DIP", "BTN2", "", "C", 70.866, 70.866, 47.244, 47.244, 0],
		[300, "PAD91_1", 1882.05, 1106.42, "T", "DIP", "GND", "GND", "C", 70.866, 70.866, 47.244, 47.244, 180],
		[301, "PAD91_1", 1882.05, 1106.42, "B", "DIP", "GND", "GND", "C", 70.866, 70.866, 47.244, 47.244, 180],
		[302, "PAD92_2", 2137.95, 1106.42, "T", "DIP", "GND", "GND", "C", 70.866, 70.866, 47.244, 47.244, 180],
		[303, "PAD92_2", 2137.95, 1106.42, "B", "DIP", "GND", "GND", "C", 70.866, 70.866, 47.244, 47.244, 180],
		[304, "PAD93_3", 1882.05, 1283.58, "T", "DIP", "BTN3", "", "C", 70.866, 70.866, 47.244, 47.244, 180],
		[305, "PAD93_3", 1882.05, 1283.58, "B", "DIP", "BTN3", "", "C", 70.866, 70.866, 47.244, 47.244, 180],
		[306, "PAD94_4", 2137.95, 1283.58, "T", "DIP", "BTN3", "", "C", 70.866, 70.866, 47.244, 47.244, 180],
		[307, "PAD94_4", 2137.95, 1283.58, "B", "DIP", "BTN3", "", "C", 70.866, 70.866, 47.244, 47.244, 180],
		[308, "PAD95_1", 1882.05, 301.42, "T", "DIP", "GND", "GND", "C", 70.866, 70.866, 47.244, 47.244, 180],
		[309, "PAD95_1", 1882.05, 301.42, "B", "DIP", "GND", "GND", "C", 70.866, 70.866, 47.244, 47.244, 180],
		[310, "PAD96_2", 2137.95, 301.42, "T", "DIP", "GND", "GND", "C", 70.866, 70.866, 47.244, 47.244, 180],
		[311, "PAD96_2", 2137.95, 301.42, "B", "DIP", "GND", "GND", "C", 70.866, 70.866, 47.244, 47.244, 180],
		[312, "PAD97_3", 1882.05, 478.58, "T", "DIP", "BTN4", "", "C", 70.866, 70.866, 47.244, 47.244, 180],
		[313, "PAD97_3", 1882.05, 478.58, "B", "DIP", "BTN4", "", "C", 70.866, 70.866, 47.244, 47.244, 180],
		[314, "PAD98_4", 2137.95, 478.58, "T", "DIP", "BTN4", "", "C", 70.866, 70.866, 47.244, 47.244, 180],
		[315, "PAD98_4", 2137.95, 478.58, "B", "DIP", "BTN4", "", "C", 70.866, 70.866, 47.244, 47.244, 180],
		[316, "PAD99_2", 3435, 309.66, "T", "SMD", "ENC1", "", "R", 31.751, 34.016, 0, 0, 90],
		[317, "PAD100_1", 3435, 250.34, "T", "SMD", "VCC", "", "R", 31.751, 34.016, 0, 0, 90],
		[318, "PAD101_2", 3240, 309.66, "T", "SMD", "ENC2", "", "R", 31.751, 34.016, 0, 0, 90],
		[319, "PAD102_1", 3240, 250.34, "T", "SMD", "VCC", "", "R", 31.751, 34.016, 0, 0, 90],
		[320, "PAD103_1", 3438.2071, 1046.732, "T", "DIP", "BTN5", "", "C", 70.866, 70.866, 47.244, 47.244, 180],
		[321, "PAD103_1", 3438.2071, 1046.732, "B", "DIP", "BTN5", "", "C", 70.866, 70.866, 47.244, 47.244, 180],
		[322, "PAD104_2", 3241.3571, 1046.732, "T", "DIP", "GND", "GND", "C", 70.866, 70.866, 47.244, 47.244, 180],
		[323, "PAD104_2", 3241.3571, 1046.732, "B", "DIP", "GND", "GND", "C", 70.866, 70.866, 47.244, 47.244, 180],
		[324, "PAD105_A", 3438.2071, 475.872, "T", "DIP", "ENC1", "", "C", 70.866, 70.866, 47.244, 47.244, 180],
		[325, "PAD105_A", 3438.2071, 475.872, "B", "DIP", "ENC1", "", "C", 70.866, 70.866, 47.244, 47.244, 180],
		[326, "PAD106_C", 3339.7871, 475.872, "T", "DIP", "GND", "GND", "C", 70.866, 70.866, 47.244, 47.244, 180],
		[327, "PAD106_C", 3339.7871, 475.872, "B", "DIP", "GND", "GND", "C", 70.866, 70.866, 47.244, 47.244, 180],
		[328, "PAD107_B", 3241.3571, 475.872, "T", "DIP", "ENC2", "", "C", 70.866, 70.866, 47.244, 47.244, 180],
		[329, "PAD107_B", 3241.3571, 475.872, "B", "DIP", "ENC2", "", "C", 70.866, 70.866, 47.244, 47.244, 180],
		[330, "PAD108_MT1", 3564.1971, 771.142, "T", "DIP", "GND", "GND", "O", 94.488, 149.606, 55.118, 110.236, 180],
		[331, "PAD108_MT1", 3564.1971, 771.142, "B", "DIP", "GND", "GND", "O", 94.488, 149.606, 55.118, 110.236, 180],
		[332, "PAD109_MT2", 3115.3771, 771.142, "T", "DIP", "GND", "GND", "O", 94.488, 149.606, 55.118, 110.236, 180],
		[333, "PAD109_MT2", 3115.3771, 771.142, "B", "DIP", "GND", "GND", "O", 94.488, 149.606, 55.118, 110.236, 180],
		[334, "PAD110_1", 755, 1435, "T", "DIP", "GND", "GND", "R", 66.929, 66.929, 43.308, 43.308, 180],
		[335, "PAD110_1", 755, 1435, "B", "DIP", "GND", "GND", "R", 66.929, 66.929, 43.308, 43.308, 180],
		[336, "PAD111_2", 655, 1435, "T", "DIP", "$1N9669", "", "C", 66.929, 66.929, 43.308, 43.308, 180],
		[337, "PAD111_2", 655, 1435, "B", "DIP", "$1N9669", "", "C", 66.929, 66.929, 43.308, 43.308, 180],
		[338, "PAD112_3", 555, 1435, "T", "DIP", "LEDIN+", "", "C", 66.929, 66.929, 43.308, 43.308, 180],
		[339, "PAD112_3", 555, 1435, "B", "DIP", "LEDIN+", "", "C", 66.929, 66.929, 43.308, 43.308, 180]
	]
}
}